标题,价格(元),所在地,想要人数,商品URL
KUB可优比婴儿床挂袋床，可放尿不湿，湿巾，棉柔巾，纸巾，使 用非常方便,50.0,T***0,0,https://www.goofish.com/item?id=712487567016&categoryId=126864884
"美洲豹台球三指手套2 
感兴趣的话点“我想要”和我私聊吧～",235.0,桔***落,0,https://www.goofish.com/item?id=964375609960&categoryId=126866361
配发单人折叠汽垫床，充满气，长190，宽85，高15，配原装 打气筒，娃儿不小心扎了一个小眼，我补或你自己补都行，支持验,70.0,用***3,2,https://www.goofish.com/item?id=932489022830&categoryId=126856821
蜂箱，  感兴趣的话点“我想要”和我私聊吧～,45.0,风***朵,1,https://www.goofish.com/item?id=953739934233&categoryId=201453325
原装电动三轮半轴  感兴趣的话点“我想要”和我私聊吧～,20.0,t***0,38,https://www.goofish.com/item?id=941634569787&categoryId=201460703
"葫芦丝，99新，买来时200多，现在当闲置出了 
感兴趣的话点“我想要”和我私聊吧～",39.0,坚***毛,8,https://www.goofish.com/item?id=964599265111&categoryId=126858909
【仓库升级，最新款按摩垫优惠出售】因为最近在装修仓库，为了不 占用库容，剩几套优惠出： #按摩枕垫 #养生按摩神器 #全,19.9,严***鱼,0,https://www.goofish.com/item?id=947998328178&categoryId=126866628
18000磁力解扣器，超强开锁器取钉器，优衣库同款磁力解扣器 ，万能解扣。  还有3个低价处理，新的买来600元一个，已,220.0,还***呢,600,https://www.goofish.com/item?id=802634396393&categoryId=126856380
惠普7系油墨3箱  感兴趣的话点“我想要”和我私聊吧～,590.0,x***2,12,https://www.goofish.com/item?id=851376919373&categoryId=126854376
"【活动价】蒂乐婴儿玩具0-1岁早教益智手风琴宝宝… 
手风琴 有音乐 甩的时候有音效",19.9,唧***A,0,https://www.goofish.com/item?id=960055750761&categoryId=126862842
起重国标带轴承滑车非标起重滑车定动滑轮组滑轮大全，小支架11 8   偏远地区不包邮,118.0,私***服,288,https://www.goofish.com/item?id=751529528675&categoryId=126864662
17款比亚迪唐启动电池  拆车修复件    型号   SEH3703030#BYD/比亚迪,850.0,靓***源,0,https://www.goofish.com/item?id=937212461382&categoryId=126864239
手摇发电机，手工制作，采用稀土永磁无刷电机，220V80W。 双轴承摇把底座，双滚针摇手柄。轻轻一摇就能点亮220V38,268.0,哈***报,7,https://www.goofish.com/item?id=934354945452&categoryId=126864272
家将军视频监控检测仪  操作系统：PHOS8.1 无配件单主机一个,54.0,小***生,1,https://www.goofish.com/item?id=768517739625&categoryId=126856407
货架挂钩，40个，七成新  感兴趣的话点“我想要”和我私聊吧～,10.0,奶***8,0,https://www.goofish.com/item?id=857687427163&categoryId=126858360
电动车屏幕防护罩，防雨防尘，电动车必备，个人闲置，转给有需要 的朋友 感兴趣的话点“我想要”和我私聊吧～,10.0,坐***币,30,https://www.goofish.com/item?id=896569058440&categoryId=126856250
佳沛新西兰佳沛奇异金果批发零售 33头25头22头18头16 头现货 北上广武汉多仓 顺丰京东发货 当天发 北上广深武汉,108.0,专***卡,5,https://www.goofish.com/item?id=940995997124&categoryId=126916215
"CD,  DVD  清洁碟5元  感兴趣的话点“我想要”和我私聊吧～",2.0,雷***1,7,https://www.goofish.com/item?id=745265816004&categoryId=126854277
可换图动态水印  拍下发图片＋署名 光遇改建模单人＋6r 双人＋10r 买断180r,9.0,s***n,18,https://www.goofish.com/item?id=877031335276&categoryId=201457706
接26西工大控制工程考研辅导 考研经验分享 211-985一 战上岸！,9.9,城***馍,1,https://www.goofish.com/item?id=955629362998&categoryId=201643201
